analysis,reasoning,winner_name,winner_id,loser_name,loser_id,pair_index,pair
"Both assays have strong biomedical evidence supporting their relevance to retinal ganglion cell biology in glaucoma. The Wnt/β-catenin Pathway Modulation assay has a more detailed evaluation of its ability to assess key downstream effectors, whereas the Autophagy Flux Modulation Assay has a broader range of previous use in various contexts. However, the Autophagy Flux Modulation Assay's evaluation is more focused on its potential to identify therapeutic targets.",The Autophagy Flux Modulation Assay is preferred due to its broader range of previous use and more focused evaluation on therapeutic target identification.,Autophagy Flux Modulation Assay,3,Wnt/β-catenin Pathway Modulation,1,0,"(1, 3)"
"Both assays demonstrate strong scientific merit, experimental design, and biomedical rationale. The MMP Activity and Blood-Aqueous Barrier Integrity Assay is well-suited to investigate the role of MMP-9 in glaucoma, leveraging a cell-based model of the blood-aqueous barrier to assess MMP-9 activity. The Neurotrophic Factor Signaling Activation assay is similarly well-designed to examine the neuroprotective effects of neurotrophic factors on retinal ganglion cells, utilizing retinal ganglion cell cultures to assess cellular responses. Both assays have strong biomedical evidence supporting their relevance to glaucoma, with studies demonstrating the involvement of MMP-9 in glaucoma and the neuroprotective effects of neurotrophic factors in retinal ganglion cells.","While both assays are methodologically sound, the MMP Activity and Blood-Aqueous Barrier Integrity Assay is preferred due to its more direct relevance to the disease mechanism of glaucoma. The assay's focus on MMP-9 activity and blood-aqueous barrier integrity aligns closely with the pathophysiological processes underlying glaucoma.",MMP Activity and Blood-Aqueous Barrier Integrity Assay,2,Neurotrophic Factor Signaling Activation,4,1,"(2, 4)"
"Both assays demonstrate strong scientific merit and experimental design. The Autophagy Flux Modulation Assay provides a detailed assessment of autophagic flux in retinal ganglion cell survival and death, while the Neurotrophic Factor Signaling Activation assay investigates the neuroprotective effects of neurotrophic factors on retinal ganglion cells. Both assays have previous use in similar contexts and are supported by robust biomedical evidence.","The Autophagy Flux Modulation Assay is preferred due to its more nuanced approach to understanding autophagic flux, which is a critical aspect of glaucoma pathology. The assay's ability to modulate autophagy using pharmacological agents provides a more detailed assessment of its role in retinal ganglion cell survival and death.",Autophagy Flux Modulation Assay,3,Neurotrophic Factor Signaling Activation,4,2,"(3, 4)"
"Both assays demonstrate a strong biomedical rationale, with evidence supporting the role of Wnt/β-catenin signaling and neurotrophic factor signaling in retinal ganglion cell biology. However, the Wnt/β-catenin Pathway Modulation assay is more comprehensive in its approach, incorporating both in vitro activation and inhibition studies to provide a detailed assessment of key downstream effectors. In contrast, the Neurotrophic Factor Signaling Activation assay is more focused on the neuroprotective effects of neurotrophic factors, but lacks the mechanistic insight provided by the Wnt/β-catenin assay.","The Wnt/β-catenin Pathway Modulation assay is preferred due to its more comprehensive approach, which will provide a deeper understanding of the underlying mechanisms and potential therapeutic targets.",Wnt/β-catenin Pathway Modulation,1,Neurotrophic Factor Signaling Activation,4,3,"(1, 4)"
"Both assays are well-designed and have strong biomedical rationale. The Oxidative Stress and Mitochondrial Dysfunction Assay has a more direct relevance to glaucoma, as oxidative stress and mitochondrial dysfunction are established contributors to retinal ganglion cell death. In contrast, the Autophagy Flux Modulation Assay is more exploratory, although autophagy has been implicated in retinal ganglion cell survival and death. The Oxidative Stress and Mitochondrial Dysfunction Assay has a more comprehensive evaluation strategy, incorporating retinal ganglion cell cultures and varying intraocular pressure conditions.","The Oxidative Stress and Mitochondrial Dysfunction Assay is a more targeted and comprehensive approach, with a stronger biomedical evidence base and a more direct relevance to glaucoma.",Oxidative Stress and Mitochondrial Dysfunction Assay,0,Autophagy Flux Modulation Assay,3,4,"(0, 3)"
"Both assays are well-designed and have strong biomedical rationale. The Oxidative Stress and Mitochondrial Dysfunction Assay is more mechanistically focused, investigating the role of oxidative stress and mitochondrial dysfunction in axonal degeneration. In contrast, the Neurotrophic Factor Signaling Activation assay is more therapeutically focused, exploring the neuroprotective effects of neurotrophic factors. Both assays have previous use in similar contexts and strong biomedical evidence supporting their relevance to glaucoma.","The Oxidative Stress and Mitochondrial Dysfunction Assay is a more mechanistically driven approach, which may provide deeper insights into the underlying biology of glaucoma. While both assays have high potential, the Oxidative Stress and Mitochondrial Dysfunction Assay is more likely to identify novel therapeutic targets.",Oxidative Stress and Mitochondrial Dysfunction Assay,0,Neurotrophic Factor Signaling Activation,4,5,"(0, 4)"
"Both assays demonstrate strong scientific merit, experimental design, and biomedical rationale. The MMP Activity and Blood-Aqueous Barrier Integrity Assay is well-designed to investigate the role of MMP-9 in glaucoma, with a cell-based model of the blood-aqueous barrier allowing for a relevant assessment of MMP-9 activity. The Autophagy Flux Modulation Assay is well-suited to evaluate the role of autophagic flux in retinal ganglion cell survival and death, with pharmacological agents used to modulate autophagy. Both assays have strong biomedical evidence supporting their relevance to glaucoma.","While both assays are strong, the MMP Activity and Blood-Aqueous Barrier Integrity Assay is preferred due to its more direct relevance to glaucoma pathology. The blood-aqueous barrier is a critical component of glaucoma, and the assay's ability to assess MMP-9 activity in this context provides a clear advantage.",MMP Activity and Blood-Aqueous Barrier Integrity Assay,2,Autophagy Flux Modulation Assay,3,6,"(2, 3)"
"Both assays demonstrate strong scientific merit, experimental design, and biomedical rationale. The Wnt/β-catenin Pathway Modulation assay targets a well-established signaling pathway in retinal ganglion cell biology, with robust evidence supporting its role in cell survival and axonal growth. The MMP Activity and Blood-Aqueous Barrier Integrity Assay also investigates a well-defined biological process, with MMP-9 implicated in glaucoma and blood-aqueous barrier disruption. Both assays leverage relevant in vitro models and have been previously used in similar contexts.","While both assays are methodologically sound, the Wnt/β-catenin Pathway Modulation assay is preferred due to its more direct relevance to retinal ganglion cell biology and the stronger evidence supporting its role in cell survival and axonal growth.",Wnt/β-catenin Pathway Modulation,1,MMP Activity and Blood-Aqueous Barrier Integrity Assay,2,7,"(1, 2)"
"Both assays demonstrate strong scientific merit, experimental design, and biomedical rationale. The Oxidative Stress and Mitochondrial Dysfunction Assay is well-designed to investigate the mechanisms of axonal degeneration in glaucoma, with a clear evaluation strategy and relevant previous use in neurodegenerative diseases. The Wnt/β-catenin Pathway Modulation assay is also well-suited to evaluate the role of Wnt/β-catenin signaling in retinal ganglion cell survival and axonal growth, with a detailed assessment of key downstream effectors. However, the Oxidative Stress and Mitochondrial Dysfunction Assay has more direct biomedical evidence supporting its relevance to glaucoma, with studies specifically highlighting the contribution of oxidative stress and mitochondrial dysfunction to retinal ganglion cell death.",The Oxidative Stress and Mitochondrial Dysfunction Assay is preferred due to its more direct relevance to glaucoma and stronger biomedical evidence supporting its role in axonal degeneration.,Oxidative Stress and Mitochondrial Dysfunction Assay,0,Wnt/β-catenin Pathway Modulation,1,8,"(0, 1)"
"Both assays demonstrate strong scientific merit and methodological soundness. The Oxidative Stress and Mitochondrial Dysfunction Assay is well-designed to investigate the mechanisms of axonal degeneration in glaucoma, with a clear biomedical rationale supported by studies showing the contribution of oxidative stress and mitochondrial dysfunction to retinal ganglion cell death. The MMP Activity and Blood-Aqueous Barrier Integrity Assay is also well-designed to investigate the role of MMP-9 in glaucoma, with a relevant cell-based model of the blood-aqueous barrier and strong biomedical evidence supporting the involvement of MMP-9 in glaucoma.","While both assays have high potential to provide valuable insights, the Oxidative Stress and Mitochondrial Dysfunction Assay is preferred due to its more comprehensive approach to understanding the mechanisms of axonal degeneration in glaucoma. The assay's focus on oxidative stress and mitochondrial dysfunction provides a broader understanding of the disease pathology, increasing the likelihood of identifying potential therapeutic targets.",Oxidative Stress and Mitochondrial Dysfunction Assay,0,MMP Activity and Blood-Aqueous Barrier Integrity Assay,2,9,"(0, 2)"
